{
  "accuracy": [
    0.5398820638656616,
    0.7345030903816223,
    0.7805263996124268,
    0.8063281774520874,
    0.8189846277236938,
    0.8264058828353882,
    0.8375664949417114,
    0.8428879380226135,
    0.8472026586532593,
    0.8528117537498474,
    0.8544512987136841,
    0.8583632707595825,
    0.8613260388374329,
    0.8609808683395386,
    0.8612973093986511,
    0.8702718019485474,
    0.879706621170044,
    0.8877606987953186,
    0.8927657008171082,
    0.897885799407959,
    0.9002732634544373,
    0.9046167135238647,
    0.9103696346282959,
    0.9107435345649719,
    0.9136199951171875
  ],
  "loss": [
    1.7378371953964233,
    0.8782969117164612,
    0.7137786149978638,
    0.622411847114563,
    0.5744331479072571,
    0.5388603210449219,
    0.5122439861297607,
    0.48872944712638855,
    0.4735494554042816,
    0.46182751655578613,
    0.4523417055606842,
    0.4418119788169861,
    0.43484431505203247,
    0.4344869554042816,
    0.42889469861984253,
    0.39933884143829346,
    0.3741430342197418,
    0.34369391202926636,
    0.3266642093658447,
    0.313855916261673,
    0.30639559030532837,
    0.2959369421005249,
    0.276314377784729,
    0.2723999619483948,
    0.26535722613334656
  ],
  "top3_accuracy": [
    0.7164389491081238,
    0.9001869559288025,
    0.9273407459259033,
    0.9400546550750732,
    0.9483963847160339,
    0.9553861618041992,
    0.9563641548156738,
    0.9606212973594666,
    0.9631238579750061,
    0.9616568684577942,
    0.9631238579750061,
    0.9648497104644775,
    0.9674960374832153,
    0.9656550884246826,
    0.9677549004554749,
    0.9707464575767517,
    0.9741981625556946,
    0.9771322011947632,
    0.9786279201507568,
    0.9801236987113953,
    0.9801812171936035,
    0.9820796847343445,
    0.9837192296981812,
    0.9833740592002869,
    0.9842945337295532
  ],
  "val_accuracy": [
    0.8366125822067261,
    0.8759636282920837,
    0.9028880596160889,
    0.9049591422080994,
    0.9165803790092468,
    0.9203773736953735,
    0.9226786494255066,
    0.9210677742958069,
    0.9290069937705994,
    0.9331492185592651,
    0.9316534399986267,
    0.9305028319358826,
    0.9326890110969543,
    0.9351052641868591,
    0.9330341815948486,
    0.9392474889755249,
    0.9415487051010132,
    0.9458060264587402,
    0.9493728876113892,
    0.9486825466156006,
    0.9524796009063721,
    0.9545506834983826,
    0.9544356465339661,
    0.955816388130188,
    0.9588079452514648
  ],
  "val_loss": [
    0.5644049048423767,
    0.38828977942466736,
    0.3065236806869507,
    0.2910957336425781,
    0.25941529870033264,
    0.2460050880908966,
    0.23877239227294922,
    0.23144415020942688,
    0.21553027629852295,
    0.20800448954105377,
    0.20969712734222412,
    0.2084372639656067,
    0.20329880714416504,
    0.19756002724170685,
    0.20244182646274567,
    0.1817367821931839,
    0.1716965287923813,
    0.16137011349201202,
    0.1546872854232788,
    0.1538752019405365,
    0.14325475692749023,
    0.13851980865001678,
    0.13753008842468262,
    0.13537999987602234,
    0.12566831707954407
  ],
  "val_top3_accuracy": [
    0.9453457593917847,
    0.9678978323936462,
    0.9785985350608826,
    0.9796341061592102,
    0.9829708933830261,
    0.984351634979248,
    0.9848119020462036,
    0.9856172800064087,
    0.9875733256340027,
    0.9881486892700195,
    0.988263726234436,
    0.9898746013641357,
    0.989644467830658,
    0.989644467830658,
    0.9887239933013916,
    0.9917155504226685,
    0.9927511215209961,
    0.9929812550544739,
    0.9932113885879517,
    0.9940168261528015,
    0.9944770336151123,
    0.9951674342155457,
    0.9948222041130066,
    0.9953975081443787,
    0.9959728717803955
  ],
  "learning_rate": [
    9.999999747378752e-05,
    9.999999747378752e-05,
    9.999999747378752e-05,
    9.999999747378752e-05,
    9.999999747378752e-05,
    9.999999747378752e-05,
    9.999999747378752e-05,
    9.999999747378752e-05,
    9.999999747378752e-05,
    9.999999747378752e-05,
    9.999999747378752e-05,
    9.999999747378752e-05,
    1.9999999494757503e-05,
    1.9999999494757503e-05,
    1.9999999494757503e-05,
    9.999999747378752e-06,
    9.999999747378752e-06,
    9.999999747378752e-06,
    9.999999747378752e-06,
    9.999999747378752e-06,
    9.999999747378752e-06,
    9.999999747378752e-06,
    9.999999747378752e-06,
    9.999999747378752e-06,
    9.999999747378752e-06
  ]
}